1,Aarav,Sharma,2003-05-10,aarav.sharma@example.com
2,Saanvi,Patel,2002-08-25,saanvi.patel@example.com
3,Vivaan,Gupta,2001-03-15,vivaan.gupta@example.com
4,Ananya,Kumar,2002-11-30,ananya.kumar@example.com
5,Aditya,Mehta,2003-01-05,aditya.mehta@example.com
6,Isha,Desai,2003-07-20,isha.desai@example.com
7,Rohan,Verma,2001-06-18,rohan.verma@example.com
8,Priya,Singh,2002-09-10,priya.singh@example.com
9,Krishna,Joshi,2003-04-02,krishna.joshi@example.com
10,Diya,Reddy,2001-12-12,diya.reddy@example.com
11,Arjun,Roy,2003-02-22,arjun.roy@example.com
12,Maya,Shukla,2002-10-05,maya.shukla@example.com
13,Karan,Chopra,2001-04-16,karan.chopra@example.com
14,Nisha,Naidu,2003-09-30,nisha.naidu@example.com
15,Mohit,Bhatia,2002-01-11,mohit.bhatia@example.com
16,Simran,Bhatt,2001-05-24,simran.bhatt@example.com
17,Tarun,Nair,2003-12-09,tarun.nair@example.com
18,Neha,Agarwal,2002-07-19,neha.agarwal@example.com
19,Manav,Duttarya,2001-09-13,manav.dutta@example.com
